cityid;cityid_new;pop;pop_log
379;1;1740041;6.24056
380;2;207594;5.317215
381;4;166823;5.222256
382;3;170052;5.230582
383;5;156801;5.195349
384;6;131564;5.119137
385;7;117658;5.070621
386;8;114226;5.057765
387;9;101722;5.007415
388;10;79348;4.899536
389;11;74341;4.871228
390;12;70003;4.845117
391;13;67686;4.830499
392;16;63752;4.804494
393;17;61849;4.791333
394;15;64024;4.806343
395;14;65277;4.81476
396;19;56166;4.749474
397;18;61390;4.788098
398;21;48010;4.681332
399;20;49302;4.692864
1682;46;26250;4.419129
1702;37;30434;4.483359
1722;94;14507;4.161578
1742;28;34810;4.541704
1762;39;29605;4.471365
1782;29;34172;4.53367
1802;74;17101;4.233022
1822;25;37330;4.572058
1842;31;33311;4.522588
1862;33;32385;4.510344
1882;23;40334;4.605671
1902;27;34877;4.542539
1922;86;16133;4.207715
1942;137;10510;4.021603
1962;50;24375;4.386945
1982;48;24906;4.396304
2002;45;26924;4.43014
2003;141;10282;4.012078
2022;69;18565;4.268695
2023;35;31679;4.500772
2042;100;13587;4.133123
2062;24;37778;4.577239
2063;56;20895;4.320043
2082;66;18896;4.27637
2083;63;19510;4.290257
2084;32;32720;4.514813
2102;64;19494;4.289901
2103;26;36467;4.5619
2104;83;16557;4.218982
2105;58;20260;4.30664
2122;106;12590;4.100026
2142;34;32052;4.505855
2143;38;29972;4.476716
2144;22;46522;4.667658
2145;42;28664;4.457337
2146;97;13768;4.138871
2147;44;28427;4.453731
2342;171;8381;3.923296
2343;62;19729;4.295105
2742;77;16959;4.2294
2743;40;29058;4.463266
2744;197;6895;3.838534
2942;65;18968;4.278021
2943;88;15437;4.188563
2944;101;13532;4.131362
3142;59;20259;4.306618
3143;51;23573;4.372415
3342;112;12055;4.081167
3542;96;14255;4.153967
3543;85;16473;4.216773
3742;79;16892;4.227681
3942;41;28910;4.461048
3943;104;12805;4.107379
3944;30;33750;4.528274
3945;168;8666;3.937819
4142;149;9569;3.980867
4143;81;16813;4.225645
4144;55;20910;4.320354
4342;87;15596;4.193013
4542;84;16538;4.218483
4543;120;11642;4.066028
4544;116;11975;4.078276
4742;98;13741;4.138018
4743;67;18627;4.270143
4744;53;23309;4.367524
4942;70;18395;4.2647
5142;150;9522;3.978728
5143;143;10022;4.000955
5144;317;4360;3.639487
5145;75;17007;4.230628
5342;114;11996;4.079036
5343;185;7552;3.878062
5344;127;11367;4.055646
5345;154;9167;3.962227
5346;43;28476;4.454479
5542;119;11676;4.067294
5543;95;14259;4.154089
5742;132;10786;4.03286
5743;191;7232;3.859258
5942;82;16670;4.221936
6142;49;24433;4.387977
6143;153;9227;3.96506
6144;133;10772;4.032296
6145;126;11367;4.055646
6146;57;20305;4.307603
6342;78;16957;4.229349
6343;371;3714;3.569842
6542;239;5811;3.764251
6543;80;16846;4.226497
6742;92;14764;4.169204
6743;47;25020;4.398287
6744;125;11378;4.056066
6745;170;8389;3.92371
6746;111;12410;4.093772
6747;89;15355;4.18625
6942;350;3937;3.595165
7142;60;19980;4.300595
7143;135;10694;4.02914
7144;54;21043;4.323108
7145;316;4375;3.640978
7343;36;31306;4.495627
7542;52;23486;4.370809
7742;122;11460;4.059185
7743;152;9252;3.966236
7942;230;5932;3.773201
7943;173;8292;3.918659
7944;217;6285;3.798305
8142;68;18604;4.269606
8143;73;17337;4.238974
8144;121;11567;4.063221
8145;328;4242;3.627571
8342;286;4735;3.67532
8343;252;5359;3.729084
8344;123;11435;4.058236
8345;175;7971;3.901513
8542;250;5480;3.73878
8543;134;10734;4.030762
8544;155;9136;3.960756
8742;91;14876;4.172486
8743;139;10416;4.017701
8744;211;6394;3.805773
8745;131;10896;4.037267
8942;93;14698;4.167258
8943;71;17436;4.241447
8945;108;12551;4.098678
8946;140;10353;4.015066
8947;61;19763;4.295853
8948;288;4728;3.674677
9142;174;7999;3.903036
9143;107;12563;4.099093
9144;210;6414;3.807129
9145;151;9310;3.96895
9146;215;6335;3.801747
9342;148;9631;3.983671
9343;110;12448;4.095099
9542;146;9927;3.996818
9544;183;7731;3.888236
9545;399;3461;3.539201
9546;189;7433;3.871164
9742;165;8741;3.941561
9942;313;4402;3.64365
9943;124;11397;4.05679
9944;280;4839;3.684756
9945;192;7096;3.851014
9946;227;5997;3.777934
9947;157;9100;3.959041
9948;650;2229;3.34811
9949;128;11237;4.050651
9950;425;3255;3.512551
9951;163;8839;3.946403
9952;136;10649;4.027309
9953;188;7439;3.871515
9954;355;3899;3.590953
9955;138;10464;4.019698
10142;190;7318;3.864393
10342;283;4770;3.678518
10343;158;8988;3.953663
10344;255;5343;3.727785
10345;212;6388;3.805365
10346;574;2503;3.398461
10542;115;11989;4.078783
10742;207;6473;3.811105
10743;113;12018;4.079832
10744;709;2064;3.31471
10745;99;13674;4.135896
10746;348;3978;3.599665
10942;488;2895;3.461648
10943;245;5656;3.752509
10944;372;3706;3.568905
10945;264;5201;3.716087
10946;243;5682;3.754501
10947;220;6201;3.792462
10948;409;3373;3.528016
10949;169;8515;3.930185
11142;295;4591;3.661907
11143;187;7480;3.873902
11144;202;6697;3.82588
11145;360;3866;3.587262
11146;810;1877;3.273464
11147;221;6190;3.791691
11342;179;7806;3.892429
11343;708;2066;3.31513
11344;1083;1357;3.13258
11345;172;8373;3.922881
11346;423;3275;3.515211
11347;857;1773;3.248709
11348;142;10087;4.003762
11542;181;7781;3.891035
11543;90;15167;4.1809
11544;258;5282;3.722798
11545;914;1648;3.216957
11742;156;9115;3.959757
11743;312;4407;3.644143
11744;240;5780;3.761928
11942;304;4488;3.652053
12342;242;5690;3.755112
12343;442;3165;3.500374
12542;160;8937;3.951192
12543;470;2972;3.473049
12544;214;6353;3.802979
12545;265;5186;3.714833
12546;346;3996;3.601625
12547;680;2123;3.32695
12548;167;8670;3.938019
12549;166;8687;3.93887
12550;272;4992;3.698275
12742;182;7772;3.890533
12743;814;1863;3.270213
12744;159;8947;3.951677
12942;198;6848;3.835564
12943;578;2495;3.397071
13142;130;11073;4.044265
13342;343;4022;3.604442
13542;223;6109;3.78597
13543;208;6435;3.808548
13544;76;16975;4.22981
13742;585;2474;3.3934
13743;428;3245;3.511215
13744;323;4299;3.633368
13745;271;4994;3.698448
13746;411;3371;3.527759
13942;118;11766;4.070629
13943;178;7861;3.895478
14142;147;9870;3.994317
14143;236;5888;3.769968
14144;232;5912;3.771734
14145;292;4652;3.66764
14342;72;17354;4.239399
14343;336;4065;3.609061
14344;302;4524;3.655523
14346;117;11965;4.077913
14347;342;4028;3.605089
14542;251;5418;3.733839
14543;262;5221;3.717754
14544;1427;927;2.96708
14742;256;5334;3.727053
14743;356;3891;3.590061
14744;643;2270;3.356026
14745;482;2915;3.464638
14746;105;12604;4.100508
14747;358;3883;3.589167
14748;186;7483;3.874076
14749;836;1809;3.257439
14750;180;7798;3.891983
14751;368;3745;3.573452
14752;427;3253;3.512284
14753;203;6685;3.825101
14754;213;6360;3.803457
14755;1362;988;2.994757
14756;382;3621;3.558829
14757;184;7622;3.882069
14758;246;5621;3.749814
14759;1118;1295;3.11227
14760;144;10019;4.000824
14761;615;2363;3.373464
14942;648;2239;3.350054
14943;218;6233;3.794697
15142;194;7020;3.846337
15143;673;2151;3.33264
15144;129;11120;4.046105
15145;669;2174;3.33726
15146;248;5565;3.745465
15147;206;6634;3.821775
15342;502;2784;3.444669
15343;176;7953;3.900531
15344;225;6049;3.781684
15542;329;4215;3.624798
15544;333;4127;3.615634
15545;311;4429;3.646306
15546;162;8888;3.948804
15742;447;3134;3.496099
15942;289;4717;3.673666
15943;378;3654;3.562768
15944;177;7915;3.898451
15945;393;3493;3.543199
16143;224;6067;3.782974
16144;201;6750;3.829304
16342;616;2356;3.372175
16343;266;5172;3.713659
16344;396;3486;3.542327
16346;204;6680;3.824776
16348;209;6415;3.807197
16349;395;3487;3.542452
16350;686;2110;3.324282
16351;145;10011;4.000477
16353;1088;1353;3.131298
16354;597;2414;3.382737
16355;490;2873;3.458336
16356;448;3105;3.492062
16542;349;3942;3.595717
16543;340;4051;3.607562
16544;249;5517;3.741703
16545;103;13005;4.11411
16546;254;5348;3.728191
16547;352;3922;3.593508
16548;353;3912;3.592399
16549;511;2752;3.439648
16550;222;6122;3.786893
16551;339;4051;3.607562
16552;310;4431;3.646502
16554;1287;1062;3.026124
16555;338;4053;3.607777
16556;401;3443;3.536937
16557;676;2135;3.329398
16743;398;3479;3.541454
16744;235;5891;3.770189
16745;199;6842;3.835183
16746;463;3021;3.480151
16747;234;5896;3.770557
16748;485;2906;3.463296
16749;1139;1254;3.098298
16750;1004;1504;3.177248
16751;389;3528;3.547529
16752;233;5904;3.771146
16754;354;3900;3.591065
16755;1524;824;2.915927
16756;642;2273;3.356599
16757;527;2685;3.428944
16942;237;5880;3.769377
16943;296;4582;3.661055
16944;275;4966;3.696007
16945;392;3497;3.543696
16946;383;3610;3.557507
16947;800;1885;3.275311
16948;734;2016;3.304491
16949;244;5665;3.7532
17142;944;1592;3.201943
17143;400;3449;3.537693
17144;351;3937;3.595165
17145;576;2499;3.397766
17146;612;2370;3.374748
17147;161;8906;3.949683
17148;628;2323;3.366049
17149;299;4543;3.657343
17150;270;5001;3.699057
17151;629;2319;3.365301
17152;741;2006;3.302331
17153;164;8768;3.942901
17154;486;2899;3.462248
17155;677;2129;3.328176
17156;422;3282;3.516139
17157;520;2728;3.435844
17158;579;2489;3.396025
17159;261;5235;3.718917
17160;728;2021;3.305566
17161;984;1540;3.187521
17342;330;4204;3.623663
17343;475;2948;3.469527
17344;229;5937;3.773567
17542;366;3765;3.575765
17742;359;3877;3.588496
17743;373;3693;3.567379
17744;614;2364;3.373647
17745;537;2635;3.420781
17942;290;4677;3.669967
18142;832;1830;3.262451
18542;216;6300;3.79934
18543;335;4111;3.613947
18544;539;2619;3.418135
18742;268;5081;3.705949
18743;695;2093;3.320769
18942;1022;1473;3.168203
19142;196;6964;3.842859
19143;253;5359;3.729084
19144;811;1870;3.271842
19145;308;4440;3.647383
19342;247;5589;3.747334
19343;687;2110;3.324282
19344;2177;366;2.563481
19345;416;3335;3.523096
19346;504;2780;3.444045
19347;219;6215;3.793441
19542;823;1844;3.265761
19543;529;2677;3.427648
19544;2039;445;2.64836
19545;277;4907;3.690816
19546;374;3691;3.567144
19547;953;1579;3.198382
19742;1490;852;2.93044
19743;560;2553;3.407051
19744;424;3262;3.513484
19745;379;3644;3.561578
19747;345;3998;3.601843
19748;637;2291;3.360025
19749;495;2828;3.451479
19750;263;5206;3.716504
19751;1209;1167;3.067071
19752;572;2520;3.401401
19753;320;4325;3.635986
19755;334;4114;3.614264
19942;1080;1359;3.133219
19943;273;4981;3.697317
19944;523;2708;3.432649
19945;679;2128;3.327972
19946;702;2080;3.318063
19947;307;4452;3.648555
19948;571;2521;3.401573
20142;109;12458;4.095448
20342;517;2737;3.437275
20343;498;2824;3.450865
20344;445;3142;3.497206
20542;540;2618;3.41797
20543;435;3195;3.504471
20544;469;2973;3.473195
20545;341;4049;3.607348
20546;654;2209;3.344196
20547;269;5070;3.705008
20548;491;2870;3.457882
20742;405;3421;3.534153
20743;1203;1179;3.071514
20744;429;3230;3.509202
20942;973;1557;3.192289
20943;293;4647;3.667173
20944;536;2653;3.423737
20945;821;1846;3.266232
20946;584;2477;3.393926
20947;592;2435;3.386499
20948;362;3854;3.585912
20949;433;3199;3.505014
21342;315;4380;3.641474
21343;625;2333;3.367915
21344;510;2754;3.439964
21345;496;2827;3.451326
21346;1030;1450;3.161368
21542;1042;1430;3.155336
21543;260;5251;3.720242
21544;1349;1006;3.002598
21742;1340;1010;3.004321
21743;596;2424;3.384533
21744;314;4390;3.642465
21942;577;2498;3.397593
22142;1728;657;2.817565
22342;999;1509;3.178689
22542;696;2092;3.320562
22543;921;1634;3.213252
22742;319;4327;3.636187
22743;446;3135;3.496238
22744;321;4317;3.635182
22745;387;3552;3.550473
22746;1206;1173;3.069298
22747;279;4895;3.689753
22946;1722;662;2.820858
22947;369;3734;3.572174
22948;205;6637;3.821972
22949;444;3159;3.49955
22950;1268;1085;3.03543
22951;415;3339;3.523616
22952;893;1686;3.226858
23151;306;4461;3.649432
23351;408;3384;3.52943
23352;599;2403;3.380754
23353;281;4816;3.682687
23354;347;3986;3.600537
23355;439;3169;3.500922
23356;102;13105;4.117437
23357;843;1802;3.255755
23551;257;5295;3.723866
23552;752;1974;3.295347
23554;609;2388;3.378034
23751;2130;396;2.597695
23752;259;5263;3.721233
23753;1173;1211;3.083144
23754;195;6965;3.842921
23951;1365;985;2.993436
23952;1379;970;2.986772
24151;1453;896;2.952308
24551;228;5967;3.775756
24552;274;4974;3.696706
24553;397;3484;3.542078
24554;700;2086;3.319314
24751;768;1948;3.289589
24752;716;2047;3.311118
24753;602;2401;3.380392
24951;193;7090;3.850646
24952;682;2120;3.326336
25151;300;4532;3.65629
25152;301;4525;3.655619
25351;589;2460;3.390935
25352;551;2581;3.411788
25353;1137;1256;3.09899
25354;554;2569;3.409764
25551;200;6783;3.831422
25552;880;1724;3.236537
25553;786;1927;3.284882
25554;1062;1394;3.144263
25751;991;1526;3.183555
25752;437;3176;3.50188
25951;297;4560;3.658965
25952;662;2199;3.342225
26151;971;1558;3.192567
26152;906;1660;3.220108
26351;556;2563;3.408749
26352;357;3888;3.589726
26551;432;3201;3.505286
26751;1354;1000;3
26951;835;1820;3.260071
26952;638;2282;3.358316
26953;818;1857;3.268812
27151;544;2613;3.417139
27351;331;4188;3.622007
27551;1081;1359;3.133219
27552;538;2631;3.420121
27553;420;3301;3.518646
27554;543;2615;3.417472
27555;1257;1100;3.041393
27751;2377;243;2.385606
27951;735;2014;3.30406
27952;325;4280;3.631444
27953;1357;994;2.997386
27954;956;1575;3.197281
28151;1695;680;2.832509
28152;322;4302;3.63367
28153;344;4007;3.602819
28154;472;2969;3.47261
28155;587;2464;3.391641
28351;694;2094;3.320977
28352;512;2751;3.439491
28353;855;1777;3.249687
28354;733;2017;3.304706
28551;802;1881;3.274389
28552;764;1957;3.291591
28553;532;2669;3.426349
28554;519;2731;3.436322
28555;418;3311;3.519959
28751;891;1692;3.2284
28752;912;1650;3.217484
28753;658;2201;3.34262
28951;622;2336;3.368473
28952;1032;1446;3.160168
28953;1057;1405;3.147676
29151;414;3352;3.525304
29551;564;2544;3.405517
29552;419;3306;3.519303
29553;1415;938;2.972203
29554;550;2583;3.412124
29555;820;1846;3.266232
29556;1045;1421;3.152594
29557;938;1603;3.204933
29558;674;2144;3.331225
29559;2231;329;2.517196
29560;441;3166;3.500511
29951;404;3423;3.534407
29952;1531;819;2.913284
29953;522;2715;3.43377
29954;1026;1458;3.163758
29955;1029;1454;3.162565
29956;644;2266;3.35526
29957;231;5932;3.773201
29958;618;2350;3.371068
30151;434;3199;3.505014
30152;586;2472;3.393049
30153;364;3803;3.580126
30154;902;1663;3.220892
30155;854;1779;3.250176
30351;706;2068;3.315551
30352;666;2186;3.33965
30353;699;2087;3.319522
30354;830;1832;3.262925
30355;489;2876;3.458789
30356;559;2559;3.40807
30551;547;2594;3.41397
30552;1096;1341;3.127429
30553;477;2941;3.468495
30554;1011;1487;3.172311
30555;769;1947;3.289366
31151;326;4270;3.630428
31152;1772;627;2.797267
31153;1099;1336;3.125807
31353;294;4619;3.664548
31551;410;3372;3.527888
31552;1000;1506;3.177825
31553;370;3720;3.570543
31554;531;2670;3.426511
31555;598;2413;3.382557
31751;742;2005;3.302114
31752;1558;798;2.902003
31951;773;1940;3.287802
32151;561;2552;3.406881
32551;1438;911;2.959518
32552;1221;1156;3.062958
32553;462;3025;3.480725
32554;667;2181;3.338656
32954;870;1748;3.242541
32955;381;3627;3.559548
32956;797;1896;3.277838
32957;693;2096;3.321391
32958;1012;1485;3.171726
33154;464;3007;3.478133
33156;318;4344;3.63789
33354;647;2254;3.352954
33554;590;2458;3.390582
33754;1033;1446;3.160168
33756;688;2108;3.323871
33757;2321;277;2.44248
33956;1125;1284;3.108565
33957;1189;1196;3.077731
33958;1883;545;2.736397
34156;276;4948;3.69443
34157;878;1730;3.238046
34158;569;2524;3.402089
34357;1308;1046;3.019532
34359;1289;1060;3.025306
34360;533;2668;3.426186
34361;611;2374;3.375481
34362;885;1700;3.230449
34363;1124;1290;3.11059
34364;606;2391;3.37858
34556;1126;1284;3.108565
34557;879;1730;3.238046
34558;799;1886;3.275542
34559;440;3168;3.500785
34560;841;1806;3.256718
34561;1505;839;2.923762
34756;910;1656;3.21906
34757;1378;973;2.988113
34758;2438;194;2.287802
34956;791;1919;3.283075
34957;942;1595;3.202761
35156;278;4895;3.689753
35356;573;2516;3.400711
35357;1413;939;2.972666
35358;1025;1462;3.164947
35556;287;4730;3.674861
35557;1201;1182;3.072618
35558;436;3193;3.504199
35756;430;3227;3.508799
35956;1518;827;2.917506
35957;305;4481;3.651375
36156;601;2402;3.380573
36157;657;2204;3.343212
36158;367;3763;3.575534
36356;995;1520;3.181844
36556;466;2996;3.476542
36557;1020;1474;3.168498
36558;1466;881;2.944976
36559;670;2168;3.336059
36756;534;2662;3.425208
36757;478;2935;3.467608
36758;949;1585;3.200029
36759;840;1806;3.256718
36760;960;1570;3.1959
36761;453;3088;3.489677
36956;805;1879;3.273927
37156;226;6042;3.781181
37157;456;3062;3.486005
37158;384;3590;3.555094
37356;1443;905;2.956649
37357;729;2020;3.305351
37556;474;2956;3.470704
37756;1183;1204;3.080626
37757;483;2914;3.464489
37956;282;4775;3.678973
38156;1930;510;2.70757
38157;1043;1428;3.154728
38158;1584;771;2.887054
38159;426;3255;3.512551
38160;1252;1113;3.046495
38161;2311;285;2.454845
38356;883;1703;3.231215
38357;546;2595;3.414137
38358;788;1926;3.284656
38359;467;2996;3.476542
38360;1849;577;2.761176
38361;1520;826;2.91698
38362;1178;1209;3.082426
38556;284;4762;3.677789
38557;509;2754;3.439964
38756;930;1623;3.210319
38758;813;1869;3.271609
38956;524;2701;3.431525
38960;563;2547;3.406029
38961;449;3097;3.490941
39156;787;1926;3.284656
39157;1769;628;2.79796
39158;744;1997;3.300378
39159;530;2676;3.427486
39160;1186;1199;3.078819
39161;412;3358;3.526081
39162;332;4167;3.619823
39356;1255;1104;3.042969
39357;1277;1075;3.031409
39358;1244;1126;3.051538
39556;710;2060;3.313867
39557;1136;1257;3.099335
39756;388;3545;3.549616
39958;473;2968;3.472464
39959;303;4494;3.652633
39960;626;2331;3.367542
40156;717;2044;3.310481
40157;1788;615;2.788875
40356;853;1783;3.251151
40556;324;4283;3.631748
40756;535;2656;3.424228
40757;899;1665;3.221414
40758;431;3209;3.50637
40759;751;1974;3.295347
40760;2076;424;2.627366
40956;1015;1480;3.170262
41156;1817;599;2.777427
41157;391;3501;3.544192
41356;763;1957;3.291591
41357;605;2395;3.379306
41556;298;4545;3.657534
41557;689;2103;3.322839
41756;480;2924;3.465977
41757;1250;1117;3.048053
41956;698;2090;3.320146
41957;1274;1078;3.032619
41958;525;2696;3.43072
42156;655;2208;3.343999
42356;1242;1127;3.051924
42357;1034;1443;3.159266
42358;484;2911;3.464042
42359;831;1831;3.262688
42556;1331;1021;3.009026
42756;1120;1293;3.111598
42757;1457;889;2.948902
42758;882;1713;3.233757
42956;847;1796;3.254306
42957;720;2033;3.308137
42958;617;2353;3.371622
43156;1142;1248;3.096215
43157;337;4062;3.60874
43158;580;2488;3.39585
43356;1675;693;2.840733
43556;1442;906;2.957128
43756;2235;328;2.515874
43757;922;1633;3.212986
43758;868;1749;3.24279
43956;750;1974;3.295347
43957;1997;476;2.677607
44156;817;1857;3.268812
44356;1462;882;2.945469
44357;1172;1212;3.083503
44556;776;1938;3.287354
44557;1089;1352;3.130977
44558;1449;897;2.952792
44559;291;4674;3.669689
44756;363;3812;3.581153
44956;2120;399;2.600973
45156;627;2327;3.366796
45157;958;1574;3.197005
45356;1694;681;2.833147
45357;1423;935;2.970812
45358;1134;1262;3.101059
45556;1181;1205;3.080987
45756;639;2282;3.358316
45956;241;5713;3.756864
45957;1283;1068;3.028571
45958;1435;913;2.960471
45959;594;2427;3.38507
45960;1459;883;2.945961
45961;1111;1308;3.116608
45962;570;2522;3.401745
46156;1132;1269;3.103462
46157;833;1830;3.262451
46158;568;2530;3.403121
46159;904;1661;3.22037
46556;595;2426;3.384891
46557;1165;1221;3.086716
46558;1195;1189;3.075182
46756;671;2162;3.334856
46757;966;1564;3.194237
46758;1213;1165;3.066326
46956;2051;438;2.641474
46957;624;2334;3.368101
46958;514;2743;3.438226
47156;1066;1390;3.143015
47357;1179;1206;3.081347
47556;727;2023;3.305996
47756;1159;1229;3.089552
47956;1778;620;2.792392
48156;481;2924;3.465977
48356;390;3512;3.545554
48556;714;2047;3.311118
48756;2503;134;2.127105
48956;600;2402;3.380573
48957;755;1971;3.294687
48958;633;2299;3.361539
49156;704;2069;3.31576
49157;2145;385;2.585461
49158;1437;913;2.960471
49159;2054;437;2.640481
49160;1073;1370;3.136721
49356;1003;1504;3.177248
49357;1602;752;2.876218
49358;1191;1193;3.07664
49359;238;5854;3.767453
49757;1074;1367;3.135768
49956;1853;575;2.759668
49957;1019;1478;3.169674
49958;1017;1478;3.169674
49959;822;1845;3.265996
50156;1150;1235;3.091667
50157;607;2389;3.378216
50158;1394;956;2.980458
50356;918;1640;3.214844
50357;1219;1157;3.063333
50556;1621;735;2.866287
50557;715;2047;3.311118
50558;692;2096;3.321391
50559;726;2024;3.306211
50560;933;1610;3.206826
50561;497;2825;3.451018
50758;1637;721;2.857935
50958;1411;941;2.97359
50959;908;1658;3.219584
51158;725;2025;3.306425
51159;1084;1355;3.131939
51160;867;1750;3.243038
51359;2365;249;2.396199
51360;1493;847;2.927883
51558;1576;781;2.892651
51758;309;4434;3.646796
51759;1105;1329;3.123525
51760;794;1905;3.279895
51761;724;2029;3.307282
51762;471;2972;3.473049
51763;327;4256;3.629002
51764;1262;1094;3.039017
51765;1794;612;2.786752
51958;1559;797;2.901458
51959;941;1597;3.203305
51960;713;2049;3.311542
51961;861;1758;3.245019
51962;664;2193;3.341039
51963;789;1925;3.284431
51964;707;2066;3.31513
52158;1704;673;2.828015
52159;1207;1168;3.067443
52160;593;2432;3.385964
52358;591;2457;3.390405
52558;1147;1242;3.094122
52758;1060;1396;3.144885
52759;846;1798;3.25479
52760;2164;372;2.570543
52958;849;1790;3.252853
53158;1302;1049;3.020776
53358;828;1837;3.264109
53558;772;1941;3.288026
53559;1058;1405;3.147676
53560;1168;1217;3.085291
53561;1532;818;2.912753
53758;1790;614;2.788168
53958;903;1662;3.220631
54158;1177;1209;3.082426
54159;1564;792;2.898725
54358;1174;1210;3.082785
54558;1335;1013;3.00561
54758;1822;592;2.772322
54759;2245;323;2.509202
54760;1234;1137;3.05576
54761;1497;843;2.925828
55158;2109;405;2.607455
55159;1572;785;2.89487
55160;909;1658;3.219584
55358;394;3488;3.542577
55359;1236;1136;3.055378
55360;1553;802;2.904174
55361;417;3325;3.521792
55362;1946;506;2.70415
55558;461;3029;3.481299
55559;402;3432;3.535547
55758;1425;932;2.969416
55958;1492;848;2.928396
55959;697;2091;3.320354
56158;1078;1361;3.133858
56159;862;1757;3.244772
56160;468;2975;3.473487
56161;1237;1136;3.055378
56162;641;2278;3.357554
56163;990;1532;3.185259
56358;376;3686;3.566555
56359;864;1756;3.244524
56558;824;1844;3.265761
56958;1264;1090;3.037426
57158;386;3555;3.55084
57358;965;1564;3.194237
57359;1625;729;2.862728
57558;952;1580;3.198657
57758;894;1681;3.225568
57759;1063;1394;3.144263
57958;285;4736;3.675412
58158;1007;1495;3.174641
58159;946;1589;3.201124
58358;803;1881;3.274389
58558;940;1597;3.203305
58559;1300;1050;3.021189
58758;1102;1331;3.124178
58759;1436;913;2.960471
58958;1929;512;2.70927
59358;267;5165;3.71307
59359;1424;934;2.970347
59360;796;1899;3.278525
59361;565;2538;3.404492
59362;1109;1311;3.117603
59363;779;1932;3.286007
59558;407;3417;3.533645
59559;2404;220;2.342423
59560;1589;768;2.885361
59561;665;2187;3.339849
59562;460;3038;3.482588
59758;778;1936;3.286905
59959;651;2229;3.34811
60158;1516;831;2.919601
60159;915;1648;3.216957
60358;1241;1129;3.052694
60558;668;2178;3.338058
60559;1486;856;2.932474
60560;863;1757;3.244772
60561;454;3087;3.489537
60562;499;2809;3.448552
60758;1774;624;2.795185
60759;758;1964;3.293141
60760;871;1745;3.241796
60761;620;2346;3.370328
60762;1634;722;2.858537
60958;1014;1480;3.170262
60959;458;3045;3.483587
60960;1837;586;2.767898
61158;1101;1332;3.124504
61159;2265;312;2.494155
61358;919;1639;3.214579
61558;2261;314;2.49693
61559;377;3657;3.563125
61758;365;3772;3.576572
61958;1097;1339;3.126781
61959;1463;882;2.945469
61960;588;2461;3.391112
61961;1307;1046;3.019532
61962;1304;1047;3.019947
61963;1092;1347;3.129368
62158;1235;1136;3.055378
62159;690;2101;3.322426
62358;452;3091;3.490099
62558;1254;1104;3.042969
62758;1759;638;2.804821
62958;528;2682;3.428459
63158;723;2031;3.30771
63159;1396;952;2.978637
63358;975;1555;3.19173
63359;917;1641;3.215109
63360;1952;502;2.700704
63558;1180;1205;3.080987
63559;1327;1030;3.012837
63758;505;2769;3.442323
63958;829;1832;3.262925
63959;1514;832;2.920123
63960;911;1651;3.217747
64158;1170;1217;3.085291
64159;1548;805;2.905796
64358;2089;415;2.618048
64558;506;2766;3.441852
64559;1383;968;2.985875
64560;780;1932;3.286007
64561;1246;1119;3.04883
64758;403;3431;3.535421
64759;2143;386;2.586587
64760;931;1620;3.209515
64958;581;2487;3.395676
65158;672;2153;3.333044
65159;1293;1055;3.023252
65160;2281;304;2.482874
65162;1048;1417;3.15137
65163;2123;398;2.599883
65164;2210;345;2.537819
65358;1896;534;2.727541
65359;1038;1434;3.156549
65360;1862;563;2.750508
65361;526;2690;3.429752
65558;970;1559;3.192846
65559;1001;1506;3.177825
65560;1483;860;2.934499
65561;905;1661;3.22037
65758;1013;1484;3.171434
65958;888;1694;3.228913
66158;982;1540;3.187521
66159;613;2366;3.374015
66160;455;3064;3.486289
66161;1612;743;2.870989
66162;1085;1354;3.131619
66358;1036;1437;3.157457
66359;663;2195;3.341434
66558;1282;1068;3.028571
66758;766;1949;3.289812
66759;1216;1160;3.064458
66959;1870;555;2.744293
66960;1640;719;2.856729
67158;979;1544;3.188647
67159;705;2069;3.31576
67160;515;2741;3.437909
67358;977;1549;3.190051
67359;2327;275;2.439333
67558;988;1534;3.185825
67559;712;2055;3.312812
67560;567;2531;3.403292
67561;1693;681;2.833147
67758;1439;910;2.959041
67958;924;1632;3.21272
67959;623;2336;3.368473
67960;1473;870;2.939519
67961;457;3049;3.484157
67962;1390;959;2.981819
68158;406;3418;3.533772
68358;1296;1053;3.022428
68359;948;1588;3.20085
68558;987;1535;3.186108
68559;385;3575;3.553276
68758;1119;1294;3.111934
68759;548;2591;3.413467
68958;1343;1008;3.003461
69158;1008;1493;3.17406
69358;380;3642;3.56134
69359;887;1694;3.228913
69360;1056;1406;3.147985
69361;756;1967;3.293804
69362;1926;513;2.710117
69363;1422;935;2.970812
69364;963;1566;3.194792
69365;1395;953;2.979093
69366;1160;1228;3.089198
69367;916;1642;3.215373
69369;1598;754;2.877371
69370;1353;1001;3.000434
69371;1076;1366;3.135451
69372;913;1649;3.217221
69373;1149;1236;3.092018
69374;1200;1182;3.072618
69375;1079;1360;3.133539
69376;1086;1353;3.131298
69377;1620;735;2.866287
69378;1527;821;2.914343
69379;1243;1127;3.051924
69380;2547;63;1.799341
69381;1869;559;2.747412
69382;1046;1420;3.152288
69383;926;1631;3.212454
69384;1337;1012;3.005181
69385;816;1858;3.269046
69386;804;1880;3.274158
69387;541;2617;3.417804
69388;582;2483;3.394977
69389;2048;440;2.643453
69390;793;1912;3.281488
69391;1052;1413;3.150142
69392;1239;1135;3.054996
69393;1428;926;2.966611
69394;1278;1075;3.031409
69395;2429;201;2.303196
69396;604;2396;3.379487
69397;819;1853;3.267875
69398;1116;1302;3.114611
69399;542;2617;3.417804
69400;1161;1227;3.088845
69558;1082;1358;3.1329
69559;1238;1135;3.054996
69560;1619;735;2.866287
69561;2015;461;2.663701
69562;1351;1005;3.002166
69563;438;3174;3.501607
69564;732;2017;3.304706
69565;807;1878;3.273695
69566;1412;940;2.973128
69567;608;2388;3.378034
69568;1763;633;2.801404
69569;945;1591;3.20167
69570;521;2722;3.434888
69571;1358;993;2.996949
69572;1536;816;2.91169
69573;790;1923;3.283979
69574;2090;415;2.618048
69575;2333;272;2.434569
69576;1064;1394;3.144263
69577;1069;1381;3.140194
69578;421;3297;3.518119
69579;1792;613;2.787461
69580;1567;790;2.897627
69581;1028;1457;3.16346
69582;684;2111;3.324488
69583;1596;756;2.878522
69585;743;2002;3.301464
69586;1284;1067;3.028164
69587;757;1965;3.293363
69588;1151;1234;3.091315
69589;1153;1233;3.090963
69758;972;1558;3.192567
69759;1927;513;2.710117
69760;839;1807;3.256958
69761;1597;754;2.877371
69762;1100;1335;3.125481
69763;1108;1311;3.117603
69764;1091;1348;3.12969
69765;2383;237;2.374748
69766;873;1739;3.240299
69767;875;1734;3.239049
69768;2077;424;2.627366
69769;1222;1153;3.061829
69770;1770;628;2.79796
69771;1771;627;2.797267
69772;1458;885;2.946943
69773;1545;807;2.906873
69774;2532;100;2
69775;1031;1450;3.161368
69776;549;2583;3.412124
69777;1193;1191;3.075912
69779;1616;738;2.868056
69780;1608;748;2.873902
69781;619;2348;3.370698
69782;983;1540;3.187521
69783;1065;1393;3.143951
69784;1937;509;2.706718
69785;1035;1443;3.159266
69786;1027;1458;3.163758
69787;1285;1062;3.026124
69788;1144;1246;3.095518
69789;1460;883;2.945961
69790;967;1563;3.193959
69791;1984;486;2.686636
69792;1680;691;2.839478
69793;765;1951;3.290257
69794;1275;1077;3.032216
69795;465;3000;3.477121
69796;845;1800;3.255272
69797;1245;1122;3.049993
69798;985;1538;3.186956
69799;1892;535;2.728354
69800;937;1603;3.204933
69801;1562;795;2.900367
69802;518;2735;3.436957
69803;748;1978;3.296226
69804;950;1583;3.199481
69805;1320;1037;3.015779
69806;1113;1305;3.115611
69807;1830;589;2.770115
69808;645;2265;3.355068
69809;1470;874;2.941511
69810;1891;537;2.729974
69811;1403;946;2.975891
69812;798;1893;3.277151
69813;1529;819;2.913284
69814;1831;589;2.770115
69815;1537;814;2.910625
69816;2320;277;2.44248
69817;825;1843;3.265525
69818;886;1695;3.22917
69819;1404;946;2.975891
69820;932;1617;3.20871
69821;1570;786;2.895422
69822;784;1927;3.284882
69823;1286;1062;3.026124
69824;1630;724;2.859739
69826;1075;1366;3.135451
69827;1653;710;2.851258
69828;1961;497;2.696356
69829;947;1588;3.20085
69830;2220;338;2.528917
69831;1643;718;2.856124
69832;792;1918;3.282849
69833;761;1960;3.292256
69834;815;1862;3.26998
69835;1103;1329;3.123525
69837;1893;534;2.727541
69838;1538;813;2.91009
69839;2025;455;2.658011
69840;1319;1037;3.015779
69841;630;2318;3.365113
69842;1005;1502;3.17667
69843;2047;440;2.643453
69844;1702;674;2.82866
69845;759;1963;3.29292
69846;1667;702;2.846337
69847;1651;714;2.853698
69848;1818;598;2.776701
69849;718;2042;3.310056
69850;907;1659;3.219846
69851;1542;810;2.908485
69852;555;2566;3.409257
69853;1401;948;2.976808
69854;1336;1013;3.00561
69855;1678;692;2.840106
69856;2509;127;2.103804
69857;719;2039;3.309417
69958;896;1676;3.224274
69959;1613;742;2.870404
69960;1740;649;2.812245
69961;2049;439;2.642465
69962;1053;1412;3.149835
69963;2139;387;2.587711
69964;1265;1090;3.037426
69965;1510;835;2.921686
69966;2091;414;2.617
69967;1729;656;2.816904
69968;1010;1488;3.172603
69969;1475;868;2.93852
69970;575;2502;3.398287
69971;1334;1018;3.007748
69972;632;2304;3.362483
69973;1511;834;2.921166
69974;1515;831;2.919601
69975;826;1842;3.26529
69976;969;1559;3.192846
69977;782;1928;3.285107
69978;2392;230;2.361728
69979;1225;1148;3.059942
69980;1550;804;2.905256
69981;583;2478;3.394101
69982;513;2750;3.439333
69983;1430;919;2.963315
69984;2165;371;2.569374
69985;603;2398;3.379849
69986;1169;1217;3.085291
70158;2415;213;2.32838
70159;1724;660;2.819544
70160;939;1598;3.203577
70161;1701;675;2.829304
70162;1271;1083;3.034628
70163;850;1786;3.251881
70164;1393;956;2.980458
70165;1624;730;2.863323
70166;1176;1210;3.082785
70168;1381;969;2.986324
70169;897;1673;3.223496
70170;760;1963;3.29292
70171;746;1988;3.298416
70172;1509;836;2.922206
70173;1992;479;2.680336
70174;1925;515;2.711807
70175;1802;608;2.783904
70176;2298;292;2.465383
70177;1368;983;2.992553
70178;1983;486;2.686636
70179;610;2378;3.376212
70180;1440;908;2.958086
70181;1377;973;2.988113
70182;1006;1497;3.175222
70183;507;2759;3.440752
70184;1185;1200;3.079181
70185;1872;554;2.74351
70186;1266;1087;3.03623
70187;459;3045;3.483587
70188;503;2782;3.444357
70189;675;2136;3.329601
70190;661;2199;3.342225
70191;1760;637;2.804139
70192;652;2217;3.345766
70193;500;2798;3.446848
70194;1521;826;2.91698
70195;993;1525;3.18327
70196;1768;630;2.79934
70197;1491;851;2.929929
70198;1762;634;2.802089
70199;1615;739;2.868644
70200;1735;651;2.813581
70201;2132;393;2.594393
70202;1071;1377;3.138934
70203;1757;638;2.804821
70204;1860;567;2.753583
70205;479;2925;3.466126
70206;745;1991;3.299071
70207;1190;1195;3.077368
70208;1263;1094;3.039017
70209;1504;839;2.923762
70210;494;2839;3.453165
70211;1123;1291;3.110926
70212;1040;1434;3.156549
70358;476;2946;3.469233
70359;1733;652;2.814248
70360;1715;668;2.824776
70361;1555;800;2.90309
70362;1989;480;2.681241
70363;1951;503;2.701568
70364;2271;309;2.489959
70365;851;1785;3.251638
70366;1348;1006;3.002598
70367;1578;779;2.891537
70368;1339;1011;3.004751
70369;923;1632;3.21272
70370;1232;1138;3.056142
70371;1148;1238;3.092721
70372;2017;460;2.662758
70373;1890;540;2.732394
70374;1970;493;2.692847
70375;992;1526;3.183555
70376;1799;609;2.784617
70377;1732;653;2.814913
70378;552;2579;3.411451
70379;1373;979;2.990783
70380;1002;1505;3.177536
70381;920;1635;3.213518
70382;1767;630;2.79934
70383;1810;604;2.781037
70384;812;1869;3.271609
70385;1535;816;2.91169
70386;2274;307;2.487138
70387;1253;1107;3.044148
70388;545;2595;3.414137
70389;1836;586;2.767898
70390;1727;658;2.818226
70391;957;1575;3.197281
70392;1631;724;2.859739
70393;2168;370;2.568202
70394;2095;410;2.612784
70558;450;3095;3.490661
70559;1916;523;2.718502
70560;1171;1216;3.084934
70561;685;2111;3.324488
70562;1312;1042;3.017868
70758;2005;469;2.671173
70759;1737;650;2.812913
70760;1850;577;2.761176
70761;731;2018;3.304921
70762;770;1943;3.288473
70958;1668;699;2.844477
70959;646;2262;3.354493
70960;2137;388;2.588832
70961;1498;843;2.925828
70962;653;2216;3.34557
70963;1487;855;2.931966
70964;1330;1021;3.009026
70965;1445;905;2.956649
70966;2285;301;2.478566
70967;1276;1076;3.031812
70968;740;2010;3.303196
70969;872;1740;3.240549
70970;1188;1199;3.078819
70971;2528;104;2.017033
70972;1417;938;2.972203
70973;1205;1175;3.070038
71158;806;1879;3.273927
71159;1669;698;2.843855
71161;753;1973;3.295127
71162;1626;729;2.862728
71163;1098;1338;3.126456
71164;1734;651;2.813581
71165;1805;606;2.782473
71166;1194;1190;3.075547
71167;1673;694;2.841359
71168;1627;728;2.862131
71169;881;1715;3.234264
71170;1889;540;2.732394
71171;929;1627;3.211388
71172;1297;1053;3.022428
71173;994;1525;3.18327
71174;1874;551;2.741152
71175;884;1702;3.23096
71176;1418;938;2.972203
71177;2027;454;2.657056
71178;1972;492;2.691965
71179;1117;1295;3.11227
71180;1897;533;2.726727
71181;2006;467;2.669317
71182;1832;588;2.769377
71183;1260;1097;3.040207
71184;1306;1047;3.019947
71185;1820;597;2.775974
71186;844;1802;3.255755
71187;1314;1040;3.017033
71188;516;2740;3.437751
71189;1540;812;2.909556
71190;2008;466;2.668386
71191;1500;842;2.925312
71192;1938;508;2.705864
71193;1522;826;2.91698
71358;722;2032;3.307924
71359;1575;782;2.893207
71360;1928;512;2.70927
71361;1323;1033;3.0141
71362;1595;758;2.879669
71363;892;1688;3.227372
71364;1645;717;2.855519
71365;1719;665;2.822822
71366;1223;1150;3.060698
71367;943;1593;3.202216
71368;1887;542;2.733999
71369;1158;1230;3.089905
71370;1138;1254;3.098298
71371;1499;843;2.925828
71372;2007;467;2.669317
71373;1313;1041;3.017451
71374;901;1663;3.220892
71375;1718;666;2.823474
71376;1338;1011;3.004751
71377;1800;608;2.783904
71378;2166;371;2.569374
71379;2101;407;2.609594
71380;1408;941;2.97359
71381;1110;1309;3.11694
71559;1051;1413;3.150142
71560;1720;664;2.822168
71561;1881;547;2.737987
71562;1546;807;2.906873
71563;1326;1031;3.013259
71564;1375;977;2.989895
71565;1814;602;2.779597
71566;1565;792;2.898725
71567;981;1542;3.188084
71568;876;1732;3.238548
71569;774;1940;3.287802
71570;1310;1044;3.018701
71571;1996;476;2.677607
71572;1482;860;2.934499
71573;1044;1426;3.154119
71574;2295;294;2.468347
71575;1923;517;2.71349
71758;935;1606;3.205745
71759;1023;1468;3.166726
71760;1646;716;2.854913
71761;936;1605;3.205475
71762;1299;1051;3.021603
71763;866;1751;3.243286
71764;1485;857;2.932981
71765;2367;249;2.396199
71766;898;1670;3.222717
71767;1628;727;2.861534
71768;1016;1480;3.170262
71769;1687;687;2.836957
71770;2046;441;2.644439
71771;1414;939;2.972666
71772;860;1762;3.246006
71773;934;1610;3.206826
71774;955;1575;3.197281
71777;976;1554;3.191451
71958;980;1543;3.188366
71959;1855;573;2.758155
71960;1009;1490;3.173186
71961;1291;1058;3.024486
71962;2233;329;2.517196
71963;1202;1179;3.071514
71964;634;2299;3.361539
71965;837;1809;3.257439
71966;890;1692;3.2284
71967;1712;668;2.824776
71968;1976;490;2.690196
71969;1677;692;2.840106
71970;1280;1071;3.029789
71971;1679;692;2.840106
71972;2161;373;2.571709
71973;2481;157;2.1959
72158;856;1773;3.248709
72159;1050;1414;3.15045
72160;1931;510;2.70757
72161;1420;937;2.97174
72162;1579;777;2.890421
72163;808;1877;3.273464
72164;1164;1225;3.088136
72165;2514;121;2.082785
72166;1610;746;2.872739
72167;1533;817;2.912222
72168;1269;1084;3.035029
72169;2037;446;2.649335
72170;1517;830;2.919078
72171;1758;638;2.804821
72172;1121;1293;3.111598
72173;553;2569;3.409764
72174;2012;464;2.666518
72175;1556;800;2.90309
72182;1607;751;2.87564
72183;962;1566;3.194792
72184;2256;317;2.501059
72185;1432;915;2.961421
72186;2399;226;2.354108
72187;2390;230;2.361728
72188;877;1731;3.238297
72189;1154;1233;3.090963
72190;2282;303;2.481443
72191;1376;977;2.989895
72192;1325;1032;3.01368
72193;2453;185;2.267172
72194;1554;801;2.903632
72195;2435;196;2.292256
72358;1560;796;2.900913
72359;1551;803;2.904716
72558;1731;653;2.814913
72559;1143;1247;3.095866
72560;1386;959;2.981819
72561;1366;985;2.993436
72564;1267;1087;3.03623
72565;2371;246;2.390935
72566;2117;401;2.603144
72567;1298;1051;3.021603
72568;2316;279;2.445604
72758;501;2797;3.446692
72759;1764;633;2.801404
72760;2026;454;2.657056
72761;361;3857;3.58625
72959;1791;613;2.787461
72960;739;2010;3.303196
72961;1557;798;2.902003
72962;2474;165;2.217484
72963;1214;1163;3.06558
72964;1834;587;2.768638
73158;2400;225;2.352183
73160;1804;606;2.782473
73161;1441;907;2.957607
73162;1146;1242;3.094122
73163;1342;1008;3.003461
73164;1095;1342;3.127753
73165;2102;406;2.608526
73358;1979;489;2.689309
73359;1162;1226;3.08849
73360;1547;806;2.906335
73361;1935;509;2.706718
73362;1512;834;2.921166
73558;2052;438;2.641474
73559;1647;716;2.854913
73560;621;2343;3.369772
73758;631;2309;3.363424
73759;1421;936;2.971276
73760;649;2238;3.34986
73761;2182;365;2.562293
73762;1966;494;2.693727
73763;1228;1145;3.058805
73764;1825;591;2.771587
73765;1279;1073;3.0306
73766;1877;549;2.739572
73958;968;1562;3.193681
73959;954;1579;3.198382
73961;1690;682;2.833784
74158;1249;1117;3.048053
74159;1258;1100;3.041393
74160;2222;336;2.526339
74161;964;1566;3.194792
74162;2521;112;2.049218
74163;2045;442;2.645422
74164;927;1628;3.211654
74358;2060;435;2.638489
74359;2193;356;2.55145
74360;1385;962;2.983175
74361;1152;1234;3.091315
74362;1489;853;2.930949
74363;2323;276;2.440909
74364;1751;642;2.807535
74365;1356;995;2.997823
74558;1061;1395;3.144574
74559;640;2279;3.357744
74560;1908;527;2.721811
74563;2306;287;2.457882
74762;2287;300;2.477121
74963;2207;347;2.540329
74964;1507;838;2.923244
74965;2451;186;2.269513
74966;1196;1188;3.074816
74967;2111;403;2.605305
74968;2334;271;2.432969
75163;2507;127;2.103804
75164;1648;714;2.853698
75165;1166;1221;3.086716
75361;1519;826;2.91698
75561;2343;267;2.426511
75761;951;1580;3.198657
75961;775;1939;3.287578
75962;558;2561;3.40841
75963;1468;876;2.942504
75964;1644;717;2.855519
75965;925;1632;3.21272
75966;2304;289;2.460898
75967;771;1943;3.288473
75968;1847;579;2.762679
75969;1706;673;2.828015
75970;557;2561;3.40841
75971;1406;944;2.974972
75972;2484;155;2.190332
75973;827;1839;3.264582
75974;1875;550;2.740363
75975;2385;235;2.371068
75976;1700;675;2.829304
75977;1808;605;2.781755
75978;2070;428;2.631444
75979;1940;508;2.705864
75980;2490;148;2.170262
75981;1122;1292;3.111263
75982;1208;1168;3.067443
75983;2084;417;2.620136
75984;1945;506;2.70415
75985;2002;471;2.673021
75986;1218;1157;3.063333
75987;1361;988;2.994757
76161;1467;879;2.943989
76162;1949;505;2.703291
76163;989;1532;3.185259
76164;1807;606;2.782473
76165;1888;541;2.733197
76166;1977;489;2.689309
76167;1833;588;2.769377
76168;1480;864;2.936514
76169;703;2073;3.316599
76170;1812;603;2.780317
76171;2094;412;2.614897
76172;1593;763;2.882524
76173;2140;387;2.587711
76174;1407;941;2.97359
76175;1705;673;2.828015
76176;1389;959;2.981819
76177;1251;1115;3.047275
76178;1974;492;2.691965
76179;1618;735;2.866287
76180;1371;980;2.991226
76181;1806;606;2.782473
76182;1456;893;2.950851
76183;1131;1271;3.104146
76184;2043;443;2.646404
76185;1384;966;2.984977
76186;1130;1275;3.10551
76187;2406;218;2.338456
76188;1212;1166;3.066699
76189;1452;896;2.952308
76190;2057;436;2.639487
76361;1107;1318;3.119915
76362;1054;1408;3.148603
76363;2537;94;1.973128
76364;660;2199;3.342225
76366;1292;1056;3.023664
76367;1649;714;2.853698
76368;1660;705;2.848189
76369;2277;305;2.4843
76370;1295;1054;3.02284
76371;659;2200;3.342423
76372;986;1537;3.186674
76373;1197;1184;3.073352
76374;2468;172;2.235528
76375;1059;1399;3.145818
76376;1865;562;2.749736
76377;1859;568;2.754348
76378;2062;434;2.63749
76379;1478;865;2.937016
76380;2424;205;2.311754
76381;2248;321;2.506505
76382;997;1516;3.180699
76383;1227;1146;3.059185
76384;974;1555;3.19173
76385;1039;1434;3.156549
76386;1901;531;2.725095
76387;1141;1251;3.097257
76388;874;1738;3.24005
76389;2014;462;2.664642
76390;2194;355;2.550228
76391;2080;420;2.623249
76392;1087;1353;3.131298
76561;1359;991;2.996074
76562;1199;1182;3.072618
76563;2350;261;2.416641
76564;900;1665;3.221414
76565;1370;980;2.991226
76566;2372;245;2.389166
76567;1129;1281;3.107549
76568;2349;261;2.416641
76761;1469;874;2.941511
76961;2088;415;2.618048
76962;1912;526;2.720986
77161;1155;1232;3.090611
77162;747;1979;3.296446
77163;1811;604;2.781037
77362;1852;576;2.760422
77363;1868;560;2.748188
77364;1400;948;2.976808
77365;1958;499;2.698101
77366;1523;824;2.915927
77561;1787;616;2.789581
77562;1513;834;2.921166
77563;2421;205;2.311754
77564;858;1772;3.248464
77565;487;2899;3.462248
77566;2148;383;2.583199
77567;1273;1081;3.033826
77568;2353;255;2.40654
77569;1823;592;2.772322
77570;2129;396;2.597695
77571;1786;616;2.789581
77572;1115;1302;3.114611
77761;1587;769;2.885926
77762;1464;882;2.945469
77763;1294;1055;3.023252
77764;2058;435;2.638489
77765;1665;703;2.846955
77766;1638;720;2.857332
77767;2477;163;2.212188
77768;1605;751;2.87564
77769;1948;505;2.703291
77772;1448;899;2.95376
77773;1779;619;2.791691
77963;1586;771;2.887054
77964;1683;689;2.838219
77965;2028;453;2.656098
78161;834;1830;3.262451
78361;1971;492;2.691965
78362;2200;352;2.546543
78368;2097;409;2.611723
78567;1256;1101;3.041787
78568;2501;137;2.136721
78569;1461;882;2.945469
78570;2541;81;1.908485
78761;1698;677;2.830589
78962;1332;1021;3.009026
78963;1094;1343;3.128076
78964;2075;425;2.628389
78965;2454;185;2.267172
78966;1528;820;2.913814
78967;1599;753;2.876795
79161;754;1972;3.294907
79162;1583;772;2.887617
79163;1924;517;2.71349
79361;1933;510;2.70757
79362;1364;985;2.993436
79363;2388;232;2.365488
79364;738;2011;3.303412
79564;1347;1007;3.00303
79961;2215;342;2.534026
79962;635;2297;3.361161
79963;1495;844;2.926342
79964;2357;254;2.404834
79965;1773;626;2.796574
79966;2066;431;2.634477
79967;1571;786;2.895422
79968;1409;941;2.97359
79969;1884;545;2.736397
79970;1671;695;2.841985
79977;1484;857;2.932981
80161;678;2128;3.327972
80162;1588;769;2.885926
80163;1261;1097;3.040207
80164;2307;287;2.457882
80165;1900;532;2.725912
80166;1796;611;2.786041
80167;2545;69;1.838849
80168;2555;44;1.643453
80169;1861;564;2.751279
80170;2024;455;2.658011
80171;2205;348;2.541579
80361;781;1930;3.285557
80362;2420;205;2.311754
80561;1446;901;2.954725
80562;2187;362;2.558709
80563;1135;1261;3.100715
80564;2475;165;2.217484
80565;2157;376;2.575188
80761;2096;409;2.611723
80762;492;2869;3.457731
80763;566;2532;3.403464
80764;1730;655;2.816241
80765;2069;428;2.631444
80766;1416;938;2.972203
80961;1345;1007;3.00303
81161;2226;334;2.523746
81162;2538;90;1.954242
81163;1355;996;2.998259
81361;1175;1210;3.082785
81362;375;3686;3.566555
81561;1829;590;2.770852
81562;978;1548;3.189771
81563;1198;1184;3.073352
81564;2119;400;2.60206
81565;1090;1351;3.130655
81761;1561;795;2.900367
81762;1606;751;2.87564
81763;2170;369;2.567026
81764;2133;392;2.593286
81765;2546;65;1.812913
81766;1656;707;2.849419
81767;683;2116;3.325516
81961;2246;322;2.507856
81962;1623;731;2.863917
81963;721;2033;3.308137
81964;1431;917;2.962369
81965;1657;706;2.848805
81966;783;1928;3.285107
81967;1858;568;2.754348
81968;1914;523;2.718502
81969;1670;698;2.843855
81970;1451;897;2.952792
81971;1879;548;2.73878
81972;1539;813;2.91009
81973;2259;315;2.498311
81974;1752;641;2.806858
82161;2262;314;2.49693
82162;865;1751;3.243286
82163;2413;214;2.330414
82361;1481;860;2.934499
82362;1290;1059;3.024896
82562;2201;351;2.545307
82563;1341;1008;3.003461
82564;1839;585;2.767156
82765;2229;330;2.518514
82766;2502;135;2.130334
82767;2318;278;2.444045
82768;1566;792;2.898725
82961;2348;261;2.416641
82962;636;2296;3.360972
82963;2124;398;2.599883
82965;493;2847;3.454387
83161;959;1571;3.196176
83162;2185;363;2.559907
83163;1021;1473;3.168203
83561;1777;620;2.792392
83562;1288;1061;3.025715
83563;656;2206;3.343606
83564;1899;533;2.726727
83565;1821;595;2.774517
83566;1093;1346;3.129045
83568;1754;640;2.80618
83761;1360;988;2.994757
83762;1919;520;2.716003
83763;1479;864;2.936514
83764;762;1960;3.292256
83765;1471;873;2.941014
83766;1920;519;2.715167
83961;730;2020;3.305351
83962;1717;666;2.823474
84361;1426;928;2.967548
84362;1988;480;2.681241
84562;2198;353;2.547775
84761;2269;310;2.491362
84762;1906;529;2.723456
84763;2456;183;2.262451
84764;2225;335;2.525045
84765;1664;704;2.847573
84766;1991;479;2.680336
84767;562;2551;3.40671
84768;2512;121;2.082785
84769;2018;459;2.661813
84770;1998;475;2.676694
84771;1819;597;2.775974
84772;1106;1326;3.122544
84773;2219;338;2.528917
84774;2217;340;2.531479
84775;1903;530;2.724276
84776;961;1567;3.195069
84961;691;2098;3.321805
84962;508;2755;3.440122
84963;2552;52;1.716003
84964;1609;747;2.873321
84965;2242;324;2.510545
84966;1049;1416;3.151063
84967;2086;415;2.618048
84968;2151;380;2.579784
84969;1590;767;2.884795
84971;2380;241;2.382017
85161;1603;751;2.87564
85162;1795;611;2.786041
85163;2042;445;2.64836
85164;711;2059;3.313656
85165;2247;322;2.507856
85361;1450;897;2.952792
85362;2452;186;2.269513
85363;1703;674;2.82866
85364;2471;169;2.227887
85365;2359;254;2.404834
85366;1611;746;2.872739
85367;2209;345;2.537819
85561;1809;605;2.781755
85761;1397;950;2.977724
85762;2527;106;2.025306
85763;777;1937;3.28713
85764;1317;1038;3.016197
85765;1753;640;2.80618
85766;1127;1283;3.108227
85767;1629;725;2.860338
85768;1714;668;2.824776
85769;1827;591;2.771587
85770;2266;312;2.494155
85771;1552;802;2.904174
85772;443;3164;3.500237
85773;1650;714;2.853698
85774;1041;1430;3.155336
85775;2368;246;2.390935
85776;2378;243;2.385606
85777;1114;1303;3.114944
85778;1934;510;2.70757
85779;2223;336;2.526339
85780;1398;949;2.977266
85781;2093;412;2.614897
85782;2125;398;2.599883
85786;2386;234;2.369216
85787;1922;517;2.71349
85788;1350;1005;3.002166
85789;2260;315;2.498311
85790;1391;959;2.981819
85791;2150;382;2.582063
85792;1591;765;2.883662
85962;2387;234;2.369216
85963;1352;1002;3.000868
85964;1204;1177;3.070776
85965;1783;618;2.790988
85966;1454;896;2.952308
85967;1785;616;2.789581
85968;2118;400;2.60206
85969;1604;751;2.87564
85970;1233;1138;3.056142
85971;1614;739;2.868644
85972;1322;1035;3.01494
85973;1750;642;2.807535
85974;2000;473;2.674861
85979;1789;615;2.788875
85980;2186;363;2.559907
86162;2011;464;2.666518
86163;2548;59;1.770852
86164;1574;783;2.893762
86165;1231;1138;3.056142
86166;2036;447;2.650307
86167;1145;1243;3.094471
86168;1585;771;2.887054
86169;1909;526;2.720986
86170;2317;279;2.445604
86172;451;3095;3.490661
86173;2312;284;2.453318
86174;1990;480;2.681241
86175;2250;320;2.50515
86176;1658;706;2.848805
86177;1303;1048;3.020361
86190;2301;291;2.463893
86191;2291;297;2.472756
86192;1993;479;2.680336
86193;1878;548;2.73878
86194;1907;527;2.721811
86195;2480;157;2.1959
86196;1994;477;2.678518
86197;1915;523;2.718502
86362;1986;483;2.683947
86363;1324;1033;3.0141
86364;998;1515;3.180413
86365;2335;271;2.432969
86366;2464;177;2.247973
86371;2050;439;2.642465
86562;2199;352;2.546543
86563;1128;1281;3.107549
86564;681;2121;3.326541
86565;1259;1099;3.040998
86566;2213;344;2.536558
86567;2483;156;2.193125
86568;1688;686;2.836324
86569;2196;354;2.549003
86762;852;1784;3.251395
86763;1635;722;2.858537
86962;2163;372;2.570543
86963;2149;383;2.583199
86964;1895;534;2.727541
86965;1902;530;2.724276
86966;1708;672;2.827369
86967;2110;404;2.606381
86968;1692;681;2.833147
86969;2397;227;2.356026
86970;2363;250;2.39794
86971;1502;841;2.924796
86972;1140;1252;3.097604
87162;1573;785;2.89487
87163;2463;177;2.247973
87164;1863;563;2.750508
87165;1247;1119;3.04883
87166;1581;776;2.889862
87167;2183;364;2.561101
87362;1710;670;2.826075
87363;2104;406;2.608526
87364;2112;403;2.605305
87365;2394;229;2.359835
87562;2369;246;2.390935
87563;1851;577;2.761176
87564;1738;649;2.812245
87565;2272;309;2.489959
87566;2395;228;2.357935
87567;1910;526;2.720986
87568;1835;586;2.767898
87569;1363;987;2.994317
87570;2074;426;2.62941
87762;1184;1202;3.079905
87763;2488;153;2.184691
87764;1569;788;2.896526
87765;1691;682;2.833784
87766;2192;356;2.55145
87767;2067;431;2.634477
87768;1655;708;2.850033
87769;1726;658;2.818226
87770;1163;1225;3.088136
87772;1707;673;2.828015
87962;1987;481;2.682145
87963;1886;543;2.7348
87964;1024;1467;3.16643
87965;1856;573;2.758155
87966;1636;722;2.858537
87967;1904;530;2.724276
87968;1953;502;2.700704
88162;1344;1008;3.003461
88163;2031;452;2.655138
88164;2430;200;2.30103
88165;1392;957;2.980912
88166;1682;690;2.838849
88167;1765;632;2.800717
88168;2284;301;2.478566
88362;2221;336;2.526339
88363;2423;205;2.311754
88562;2169;370;2.568202
88762;1541;811;2.909021
88763;2270;310;2.491362
88962;1220;1157;3.063333
88963;2543;78;1.892095
88964;2517;119;2.075547
88965;1318;1038;3.016197
89162;1309;1045;3.019116
89163;1633;722;2.858537
89164;2152;379;2.578639
89166;1444;905;2.956649
89362;1964;497;2.696356
89363;1746;643;2.808211
89364;1723;660;2.819544
89562;2103;406;2.608526
89564;2195;354;2.549003
89565;2414;213;2.32838
89566;1167;1219;3.086004
89762;2180;366;2.563481
89763;1784;617;2.790285
89764;1270;1084;3.035029
89765;2083;419;2.622214
89962;1333;1019;3.008174
89963;2087;415;2.618048
90363;996;1518;3.181272
90364;1369;981;2.991669
90365;838;1808;3.257198
90366;1328;1027;3.01157
90367;1192;1192;3.076276
90562;1676;692;2.840106
90762;2212;344;2.536558
90764;1077;1366;3.135451
90765;1496;843;2.925828
90766;2276;307;2.487138
90767;2206;347;2.540329
90768;1932;510;2.70757
90963;1941;507;2.705008
90964;1844;580;2.763428
90965;1503;840;2.924279
90966;2364;250;2.39794
90967;2020;457;2.659916
91163;2294;295;2.469822
91164;2300;291;2.463893
91363;1226;1147;3.059563
91364;1526;822;2.914872
91365;2482;157;2.1959
91366;2204;348;2.541579
91563;2056;436;2.639487
91564;2531;100;2
91565;2505;131;2.117271
91566;1960;498;2.697229
91763;1654;709;2.850646
91764;2179;366;2.563481
91765;2239;326;2.513218
91766;2072;427;2.630428
91963;1346;1007;3.00303
91964;1963;497;2.696356
91965;736;2014;3.30406
92164;2530;100;2
92763;1433;915;2.961421
92764;1367;985;2.993436
92765;2273;308;2.488551
92963;2063;433;2.636488
92964;1501;842;2.925312
92965;2496;145;2.161368
92966;2342;267;2.426511
92967;2526;107;2.029384
92968;1563;793;2.899273
92969;2174;367;2.564666
92971;2354;255;2.40654
92972;1857;570;2.755875
92973;2135;390;2.591065
92974;2022;457;2.659916
92975;2224;336;2.526339
92976;1755;640;2.80618
92977;737;2013;3.303844
92978;1803;607;2.783189
92979;1725;660;2.819544
92980;2376;243;2.385606
92981;1843;582;2.764923
93163;1965;495;2.694605
93164;2361;254;2.404834
93165;2068;430;2.633468
93166;2351;256;2.40824
93167;1133;1264;3.101747
93168;2403;222;2.346353
93169;1943;507;2.705008
93170;1067;1388;3.14239
93171;1382;969;2.986324
93172;2013;463;2.665581
93173;1543;809;2.907948
93174;1713;668;2.824776
93175;2446;191;2.281033
93363;1476;868;2.93852
93364;1525;823;2.9154
93366;2167;371;2.569374
93367;767;1948;3.289589
93368;1982;488;2.68842
93564;1745;644;2.808886
93565;2162;372;2.570543
93566;1999;474;2.675778
93567;2078;423;2.62634
93568;2330;273;2.436163
93569;1488;854;2.931458
93570;2268;311;2.49276
93571;1981;488;2.68842
93572;2422;205;2.311754
93573;1947;505;2.703291
93763;2203;350;2.544068
93764;1921;518;2.71433
93765;1761;637;2.804139
94163;895;1678;3.224792
94164;2154;377;2.576341
94363;1741;649;2.812245
94364;1211;1166;3.066699
94365;2525;107;2.029384
94564;1494;847;2.927883
94565;2275;307;2.487138
94566;2189;358;2.553883
94763;2440;194;2.287802
94764;1047;1417;3.15137
94765;2443;193;2.285557
94766;1742;649;2.812245
94963;2460;180;2.255272
94964;1845;580;2.763428
95163;889;1693;3.228657
95164;1157;1230;3.089905
95165;1959;498;2.697229
95167;2428;202;2.305351
95168;1372;980;2.991226
95364;1399;948;2.976808
95564;749;1976;3.295787
95565;1217;1158;3.063709
95567;2332;272;2.434569
95568;2041;445;2.64836
95569;1641;719;2.856729
95763;2448;191;2.281033
95963;1867;561;2.748963
96163;1070;1380;3.139879
96164;1975;492;2.691965
96165;2296;293;2.466868
96166;1316;1040;3.017033
96167;1642;718;2.856124
96169;1866;561;2.748963
96170;2487;153;2.184691
96171;1182;1205;3.080987
96422;2444;192;2.283301
96423;2240;325;2.511883
96424;2243;323;2.509202
96563;2519;118;2.071882
96564;2208;347;2.540329
96764;1639;720;2.857332
96765;2303;290;2.462398
96766;2081;420;2.623249
96767;1967;494;2.693727
96964;1652;712;2.85248
97164;1699;677;2.830589
97165;2253;318;2.502427
97166;2341;267;2.426511
97167;2326;275;2.439333
97168;2153;379;2.578639
97169;2554;46;1.662758
97170;1905;530;2.724276
97364;1962;497;2.696356
97365;2411;216;2.334454
97366;2044;443;2.646404
97563;2462;180;2.255272
97564;1037;1434;3.156549
97565;1744;645;2.80956
97566;1969;493;2.692847
97567;2131;396;2.597695
97568;1068;1386;3.141763
97569;1508;836;2.922206
97570;1402;948;2.976808
97571;1709;672;2.827369
97763;1210;1166;3.066699
97764;1749;642;2.807535
97963;2238;327;2.514548
97964;1776;621;2.793092
97965;2105;406;2.608526
97967;795;1900;3.278754
97968;2175;367;2.564666
98363;2437;195;2.290035
98364;1782;618;2.790988
98365;2447;191;2.281033
98563;1876;550;2.740363
98564;1848;579;2.762679
98565;2009;465;2.667453
98763;2035;447;2.650307
98764;2431;200;2.30103
98765;2181;365;2.562293
98963;701;2085;3.319106
98964;2379;242;2.383815
99163;1840;584;2.766413
99164;1472;871;2.940018
99363;2366;249;2.396199
99563;2442;193;2.285557
99564;1954;502;2.700704
99763;1600;752;2.876218
99764;2141;387;2.587711
99765;1756;638;2.804821
99963;1477;867;2.938019
100163;2398;227;2.356026
100164;2147;384;2.584331
100165;2188;358;2.553883
100363;1112;1308;3.116608
100364;1072;1376;3.138618
100365;1911;526;2.720986
100366;2408;218;2.338456
100367;2176;367;2.564666
100368;2436;196;2.292256
100369;2375;244;2.38739
100563;1697;678;2.83123
100565;2470;170;2.230449
100566;2236;327;2.514548
100567;2100;407;2.609594
100763;1684;689;2.838219
100963;2491;148;2.170262
100964;1985;484;2.684845
100965;1305;1047;3.019947
100966;1534;816;2.91169
101163;2449;189;2.276462
101563;2055;436;2.639487
101763;2064;432;2.635484
101963;2493;146;2.164353
101964;1321;1036;3.01536
101965;2402;222;2.346353
101966;1429;920;2.963788
102163;2535;96;1.982271
102363;2339;268;2.428135
103163;1957;499;2.698101
103164;1663;704;2.847573
103165;2191;356;2.55145
103363;2401;223;2.348305
103364;2459;181;2.257679
103365;2302;290;2.462398
103563;1301;1049;3.020776
103763;809;1877;3.273464
103764;1018;1478;3.169674
103765;1281;1068;3.028571
103963;2114;402;2.604226
104163;1230;1140;3.056905
104363;1936;509;2.706718
104364;1968;493;2.692847
104365;1828;591;2.771587
104366;1434;915;2.961421
104563;2328;275;2.439333
104763;1748;643;2.808211
104764;2099;407;2.609594
104963;2516;119;2.075547
105163;1387;959;2.981819
105164;1950;505;2.703291
105165;2540;89;1.94939
105363;2319;278;2.444045
105563;2476;164;2.214844
105564;2032;451;2.654176
105565;2382;238;2.376577
105763;2352;256;2.40824
105963;1666;702;2.846337
106163;2465;177;2.247973
106363;1689;683;2.834421
106563;2241;324;2.510545
106564;2520;116;2.064458
106763;2214;343;2.535294
106764;2556;43;1.633469
106765;2542;78;1.892095
106963;2059;435;2.638489
107163;1826;591;2.771587
107363;2455;183;2.262451
107563;2381;239;2.378398
107764;2426;203;2.307496
107765;2515;120;2.079181
107766;2146;385;2.585461
107767;2405;219;2.340444
107768;2128;396;2.597695
107769;785;1927;3.284882
107770;2061;434;2.63749
107771;2299;292;2.465383
107772;2485;155;2.190332
107773;1898;533;2.726727
107963;2310;286;2.456366
107964;1549;805;2.905796
107965;2340;268;2.428135
107966;2251;319;2.503791
108163;2529;100;2
108164;2518;118;2.071882
108166;1055;1407;3.148294
108364;1973;492;2.691965
108365;1780;619;2.791691
108366;1580;776;2.889862
108367;1995;476;2.677607
108368;2021;457;2.659916
108369;2498;143;2.155336
108564;1942;507;2.705008
108565;2172;368;2.565848
108963;1880;547;2.737987
109163;2508;127;2.103804
109164;2344;265;2.423246
109165;2432;200;2.30103
109166;2108;405;2.607455
109167;2197;353;2.547775
109168;2258;316;2.499687
109363;1815;600;2.778151
109364;1474;869;2.93902
109365;1465;881;2.944976
109366;2337;270;2.431364
109367;2003;470;2.672098
109563;2010;465;2.667453
109564;2160;373;2.571709
109565;2216;341;2.532754
109566;1405;945;2.975432
109763;2155;377;2.576341
110563;2234;329;2.517196
110564;2389;231;2.363612
110565;2345;264;2.421604
110566;1544;809;2.907948
110567;1747;643;2.808211
110763;2116;401;2.603144
110764;1215;1162;3.065206
110765;2016;460;2.662758
110766;1592;765;2.883662
110767;1240;1133;3.05423
110963;2486;154;2.187521
110964;2391;230;2.361728
111163;2458;182;2.260071
112563;2171;368;2.565848
112564;2267;311;2.49276
112565;2255;317;2.501059
112566;2393;229;2.359835
112763;2202;351;2.545307
112764;2549;55;1.740363
112963;2418;206;2.313867
112964;2254;317;2.501059
112965;2347;261;2.416641
112966;1632;723;2.859138
112967;2038;446;2.649335
113163;2313;283;2.451787
113164;1224;1149;3.06032
113165;2065;431;2.634477
113166;2278;305;2.4843
113363;2373;245;2.389166
113563;1272;1082;3.034227
113763;2324;276;2.440909
113963;2134;391;2.592177
113964;1617;737;2.867467
114963;2264;313;2.495544
114964;2322;276;2.440909
114965;1841;584;2.766413
114966;1388;959;2.981819
115163;2479;158;2.198657
115363;1721;662;2.820858
115364;1156;1232;3.090611
115365;869;1749;3.24279
115366;1568;790;2.897627
115367;801;1884;3.275081
115368;1939;508;2.705864
115563;2092;412;2.614897
115564;928;1627;3.211388
115565;2309;286;2.456366
115763;1674;693;2.840733
115764;2362;252;2.401401
115963;1944;506;2.70415
115964;1801;608;2.783904
115965;2478;163;2.212188
115966;1661;705;2.848189
115967;2346;262;2.418301
115968;2053;437;2.640481
115969;1793;612;2.786752
115970;1956;501;2.699838
115971;1419;937;2.97174
116163;1711;670;2.826075
116164;1447;900;2.954242
116363;1917;521;2.716838
116364;2553;47;1.672098
116365;2308;287;2.457882
116366;2469;171;2.232996
116563;1662;704;2.847573
116763;2106;405;2.607455
116963;2138;388;2.588832
117163;2427;202;2.305351
117164;2544;75;1.875061
117363;1736;650;2.812913
117764;2336;270;2.431364
117963;1885;544;2.735599
117965;1696;679;2.83187
117966;413;3358;3.526081
118163;1798;610;2.78533
118164;2178;366;2.563481
118165;1775;623;2.794488
118363;2136;388;2.588832
118364;1506;838;2.923244
118365;1622;732;2.864511
118366;2314;280;2.447158
118367;2004;469;2.671173
118368;1913;524;2.719331
118563;2029;453;2.656098
118564;2522;112;2.049218
118763;1577;779;2.891537
118764;2466;175;2.243038
118963;2358;254;2.404834
119163;2159;373;2.571709
119363;2557;23;1.361728
119563;2457;183;2.262451
119564;848;1792;3.253338
119565;842;1804;3.256237
119763;2144;385;2.585461
119764;1104;1329;3.123525
119963;1601;752;2.876218
119964;2550;54;1.732394
119965;1743;648;2.811575
120166;2249;321;2.506505
120167;2524;109;2.037426
120168;1739;649;2.812245
120169;1685;687;2.836957
120763;859;1770;3.247973
120963;2121;399;2.600973
120964;2286;300;2.477121
120965;2536;95;1.977724
121163;1329;1026;3.011147
121164;2085;416;2.619093
121563;2407;218;2.338456
121564;2173;368;2.565848
121565;2356;255;2.40654
121566;1248;1119;3.04883
121567;2396;227;2.356026
121568;2033;451;2.654176
121569;1918;521;2.716838
121570;1894;534;2.727541
121571;2419;206;2.313867
121763;1766;631;2.800029
121764;2461;180;2.255272
121765;2410;217;2.33646
121766;2263;314;2.49693
121963;2288;299;2.475671
121964;2331;273;2.436163
122163;2315;280;2.447158
122164;2433;197;2.294466
122363;2441;193;2.285557
122364;2510;125;2.09691
122365;1681;690;2.838849
122563;2374;245;2.389166
122564;1781;618;2.790988
122565;2107;405;2.607455
122566;2467;172;2.235528
122567;2228;331;2.519828
122568;1380;970;2.986772
122763;2156;377;2.576341
122764;2040;445;2.64836
122765;2513;121;2.082785
122766;1594;761;2.881385
122767;2511;123;2.089905
122768;1455;895;2.951823
122769;2073;426;2.62941
122963;1838;586;2.767898
122964;2019;457;2.659916
122965;1864;563;2.750508
123163;2034;448;2.651278
123164;2071;427;2.630428
123165;2023;457;2.659916
123167;1871;554;2.74351
123168;2506;129;2.11059
123169;2489;149;2.173186
123170;2534;96;1.982271
123363;2115;402;2.604226
123563;1530;819;2.913284
123763;2473;168;2.225309
124363;1229;1144;3.058426
124364;2158;374;2.572872
124365;1824;592;2.772322
124563;2237;327;2.514548
124763;1716;667;2.824126
124764;1582;773;2.88818
124963;1978;489;2.689309
125163;2338;269;2.429752
125164;2292;296;2.471292
125165;2523;110;2.041393
125363;1955;501;2.699838
125563;2533;98;1.991226
125564;1187;1199;3.078819
125763;2434;196;2.292256
125764;2289;297;2.472756
125963;1882;545;2.736397
126763;2218;340;2.531479
126764;2499;141;2.149219
126765;2232;329;2.517196
126766;1686;687;2.836957
126963;2370;246;2.390935
126964;2439;194;2.287802
126965;2127;397;2.59879
127163;2001;473;2.674861
127164;2184;364;2.561101
127165;2290;297;2.472756
127363;2142;387;2.587711
127364;2495;145;2.161368
127566;2492;147;2.167317
127567;2329;275;2.439333
127568;1813;603;2.780317
127569;2450;187;2.271842
127570;2551;53;1.724276
127571;2230;329;2.517196
127766;1846;580;2.763428
127767;2305;289;2.460898
127768;2293;295;2.469822
127769;1816;599;2.777427
127770;1672;694;2.841359
127771;1797;610;2.78533
127772;2126;397;2.59879
127963;2384;237;2.374748
127964;2445;192;2.283301
127965;2409;217;2.33646
127966;2539;89;1.94939
127967;2504;132;2.120574
128563;2279;305;2.4843
128965;2417;207;2.31597
128966;1311;1043;3.018284
129163;2257;317;2.501059
129164;2082;419;2.622214
129363;2283;303;2.481443
129563;2360;254;2.404834
129564;1980;489;2.689309
129565;1315;1040;3.017033
129566;2494;146;2.164353
129567;2497;143;2.155336
129763;2297;293;2.466868
129963;1659;705;2.848189
129964;2122;398;2.599883
129965;2412;216;2.334454
130163;2113;403;2.605305
130363;2500;139;2.143015
130364;2030;452;2.655138
130565;2472;168;2.225309
130763;2079;421;2.624282
130964;2425;204;2.30963
131163;2416;208;2.318063
131363;2211;345;2.537819
131563;2098;408;2.61066
131763;2244;323;2.509202
132163;2190;356;2.55145
133763;1842;583;2.765669
134163;1873;554;2.74351
134766;2280;305;2.4843
135364;2227;333;2.522444
135365;2355;255;2.40654
136163;1374;978;2.990339
136763;2252;319;2.503791
137163;1854;573;2.758155
137166;2325;276;2.440909
138163;1410;941;2.97359
